<eagle version="6.1"><drawing><settings><setting alwaysvectorfont="no" verticaltext="up"/></settings><grid distance="0.1" unitdist="inch" unit="inch" style="lines" multiple="1" display="no" altdistance="0.01" altunitdist="inch" altunit="inch"/><layers><layer number="91" name="Nets" color="2" fill="1" visible="yes" active="yes"/><layer number="92" name="Busses" color="1" fill="1" visible="yes" active="yes"/><layer number="93" name="Pins" color="2" fill="1" visible="no" active="yes"/><layer number="94" name="Symbols" color="4" fill="1" visible="yes" active="yes"/><layer number="95" name="Names" color="7" fill="1" visible="yes" active="yes"/><layer number="96" name="Values" color="7" fill="1" visible="yes" active="yes"/><layer number="97" name="Info" color="7" fill="1" visible="yes" active="yes"/><layer number="98" name="Guide" color="6" fill="1" visible="yes" active="yes"/></layers><schematic><libraries><library name="AcceleratedDesigns_Lib"><packages><package name="W-3921"><pad name="1" drill="0" y="0" x="-4.1656"/><pad name="2" drill="0" y="0" x="4.1656"/></package><package name="W-3921-M"><pad name="1" drill="0" y="0" x="-4.2672"/><pad name="2" drill="0" y="0" x="4.2672"/></package><package name="W-3921-L"><pad name="1" drill="0" y="0" x="-4.064"/><pad name="2" drill="0" y="0" x="4.064"/></package></packages><symbols><symbol name="WSLP39211L000FEB@1"><pin name="1@1" x="0" y="0" rot="MR180" direction="pas" length="short" visible="pin" swaplevel="1"/><pin name="2@2" x="12.7" y="0" rot="MR0" direction="pas" length="short" visible="off" swaplevel="1"/><wire x1="3.175" y1="1.27" x2="4.445" y2="-1.27" width="0.2032" layer="94"/><wire x1="4.445" y1="-1.27" x2="5.715" y2="1.27" width="0.2032" layer="94"/><wire x1="5.715" y1="1.27" x2="6.985" y2="-1.27" width="0.2032" layer="94"/><wire x1="6.985" y1="-1.27" x2="8.255" y2="1.27" width="0.2032" layer="94"/><wire x1="8.255" y1="1.27" x2="9.525" y2="-1.27" width="0.2032" layer="94"/><wire x1="2.54" y1="0" x2="3.175" y2="1.27" width="0.2032" layer="94"/><wire x1="9.525" y1="-1.27" x2="10.16" y2="0" width="0.2032" layer="94"/><text size="3" x="5.715" y="3.81" layer="95" align="center">&gt;NAME</text></symbol></symbols><devicesets><deviceset name="WSLP39211L000FEB" prefix="R"><gates><gate name="1" addlevel="always" y="0" x="0" symbol="WSLP39211L000FEB@1"/></gates><devices><device name="WSLP39211L000FEB" package="W-3921"><connects><connect pad="1" pin="1@1" gate="1"/><connect pad="2" pin="2@2" gate="1"/></connects><technologies><technology name=""><attribute name="Manufacturer_Part_Number" value="WSLP39211L000FEB" constant="no"/><attribute name="Vendor" value="Vishay" constant="no"/></technology></technologies></device></devices></deviceset></devicesets></library></libraries><attributes/><variantdefs/><classes><class number="0" name="default" width="0" drill="0"/></classes><parts/><sheets/></schematic></drawing></eagle>
